angle_offset_deg_x100,start_erpm,avg_id_ma,avg_iq_ma,iq_delta_ma,phase_peak_ma,note
0,1215,-354,285,342,722,controlled baseline
-400,1244,-373,323,684,760,-4 deg
-400,1152,-202,323,570,684,-4 deg
400,1040,-25,386,494,608,+4 deg
400,1164,-342,399,418,760,+4 deg
400,1158,-272,532,608,836,+4 deg
200,1201,-120,335,684,798,+2 deg
200,1140,-209,361,532,722,+2 deg
200,1083,-19,361,456,532,+2 deg
-200,1087,-133,456,722,760,-2 deg
-200,1267,-164,386,570,722,-2 deg
-200,1112,-76,437,418,646,-2 deg
0,1035,-19,329,722,646,0 deg controlled
0,1078,50,437,608,646,0 deg controlled
0,1119,-38,475,684,722,0 deg controlled
