scale_permille,start_erpm,avg_id_ma,avg_iq_ma,iq_delta_ma,phase_peak_ma,stage
800,1128,,525,760,912,FIX10
1000,983,,354,646,722,FIX10
1000,1193,,405,760,874,FIX10
1200,1281,-304,361,532,646,FIX10
1200,1124,-266,386,684,760,FIX10
1300,1205,-177,437,570,684,FIX10/11 baseline series
1300,1122,-234,297,646,608,FIX10/11 baseline series
1400,1125,-253,354,456,760,FIX12
1400,1078,-234,190,456,532,FIX12
1400,1113,-209,291,532,570,FIX12
1500,930,-234,152,494,494,FIX12
1500,1052,-145,266,114,418,FIX12
1500,1103,-221,272,570,608,FIX12
1500,1280,-291,316,456,608,FIX12
1600,1082,-285,310,380,608,FIX12
1600,1245,6,272,266,418,FIX12
1600,1086,-247,240,380,646,FIX12
1625,1165,-266,228,494,608,FIX13 runtime
1625,1201,-63,183,494,532,FIX13 runtime
1625,1185,-253,380,456,684,FIX13 runtime
1650,1134,-291,202,570,570,FIX13
1650,1198,0,209,570,532,FIX13
1650,1113,-69,354,304,532,FIX13
1650,1129,-253,316,570,608,FIX13
1700,1198,-278,209,228,608,FIX13
